(u'Dead Again', ['Reality'])
(u'Give It All', [u'Drama', u'Comedy'])
(u'Never Give Up', [u'Drama'])
(u"Oprah's Big Give", [u'Drama'])
(u'Give-n-Take', [])
(u'Never Give Up, Dodo', [])
(u'Give Me Shelter', [])
(u'Give Us a Clue', [])
(u'Give Out Girls', [])
(u'Give My Head Peace', [u'Comedy'])
(u"Don't Give Up, Nina", [u'Drama', u'Romance', u'Comedy'])
(u'The Big Give', [])
(u'Give Us This Day', [])
(u'Give it a Go', [])
(u"I'll Give You the Moon and Stars", [])
(u'Please Give Me a Job!', [])
(u'Give Me That Bigtime Religion', [])
(u"Russell Brand's Give It Up Gig for Comic Relief", [u'Comedy'])
(u'God, Please Give Me More Time ', [u'Drama'])
(u'Giver', [])
(u'Megabucks Giveaway', [])
